task,mode,original_median_ms,probe_median_ms,traced_median_ms,speedup_asgp,traced_over_original,eval_kernel_ms,h2d_device_ms,d2h_device_ms,selection_gpu_ms,repro_gpu_ms,cuda_sync_wait_ms,cuda_sync_exposed_ms,crossover_prep_overlapped_with_eval_ms
sum_of_elements,gpu_eval,1393.090692,1394.638114,1385.499837,1.321636979970576,0.9945510690412395,567.243988,0.381316,0.002945,0.0,0.0,567.250379,0.0069280000000162545,0.0
sum_of_elements,gpu_repro,834.317436,830.832117,847.230002,2.2067861650202882,1.0154768022851197,566.393918,4.08251,0.18919,0.751752,0.952043,568.361623,0.08486600000003364,0.0
sum_of_elements,gpu_overlap,805.996254,804.097328,817.127373,2.28432845173,1.0138103855256875,567.07622,4.047056,0.189313,0.7514,0.956779,569.052999,0.08576700000003257,59.08563
median,gpu_eval,913.610585,917.438481,938.012386,0.06761867913340781,1.0267091925166345,10.808954,0.359588,0.003072,0.0,0.0,10.810662,0.001708000000000709,0.0
median,gpu_repro,290.138909,288.40297,305.920314,0.21292263493001554,1.0543925840708253,10.750647,3.744554,0.207939,0.988202,0.867786,12.88246,0.0942659999999993,0.0
median,gpu_overlap,265.242088,264.595427,279.304876,0.23290851563496964,1.0530186898543792,10.826836,3.780711,0.207555,0.989194,0.868874,12.961865,0.07859599999999922,60.131631
house_robber,gpu_eval,1466.383429,1475.3949,1481.716988,0.87426780107183,1.010456718684046,479.103525,0.413092,0.00288,0.0,0.0,479.109544,0.005341000000044005,0.0
house_robber,gpu_repro,791.796202,792.216317,814.242956,1.6191184205756015,1.0283491559359614,480.597474,3.953376,0.246657,0.659685,0.890759,482.460906,0.09247900000002574,0.0
house_robber,gpu_overlap,761.333017,762.186752,779.503426,1.6839041357377516,1.02386657165034,480.740719,3.906239,0.258018,0.658885,0.895494,482.616636,0.08091899999999441,64.981431
