task,mode,rep,traced_generation_ms,compile,packing_host,h2d_device,eval_kernel,selection_host,selection_gpu,repro_host_other,repro_gpu,d2h_device,verification_analysis,sync_exposed,allocation_setup,other_ms
sum_of_elements,gpu_eval,1,1385.499837,16.667544,5.22812,0.380775,566.459519,0.634521,0,478.78471,0,0.002945,314.323043,0.006928,0.455794,2.5559380000000003
sum_of_elements,gpu_repro,2,847.230002,16.068061,15.677673,4.074479,566.393918,0.513438,0.750985,80.485742,0.954155,0.187651,144.588528,0.081062,13.663468,3.7908420000000005
sum_of_elements,gpu_overlap,1,817.127373,29.927449,12.024505,4.047056,567.07622,0.535505,0.749353,69.71928,0.963818,0.189313,114.718402,0.085759,13.025844,4.064869
median,gpu_eval,2,938.012386,20.197807,5.671354,0.359588,10.832378,0.587468,0,531.228249,0,0.003072,366.349893,0.002444,0.430281,2.3498520000000003
median,gpu_repro,0,305.920314,18.613669,15.428031,3.89889,10.796247,0.518984,0.986155,84.89055,0.865001,0.208032,153.087012,0.135594,13.089106,3.403043
median,gpu_overlap,2,279.304876,35.155148,12.761743,3.821928,10.837396,0.525855,0.989194,75.774774,0.871208,0.207555,121.750322,0.077748,12.743384,3.788621
house_robber,gpu_eval,2,1481.716988,23.3886,7.087109,0.415556,478.674991,0.507875,0,568.579965,0,0.00288,400.119261,0.005341,0.608838,2.326572
house_robber,gpu_repro,0,814.242956,22.258211,17.371141,3.976955,480.240048,0.452721,0.659685,84.012317,0.890759,0.280131,186.915277,0.092479,13.484913,3.608319
house_robber,gpu_overlap,1,779.503426,39.112621,13.807302,3.884858,484.63678,0.508693,0.657989,71.655213,0.889161,0.246466,147.625213,0.080919,12.865971,3.5322400000000003
