population,task,asgp_1t,gagp_cpu,gpu_eval,gpu_repro,gpu_overlap,fastest_gpu_mode,ratio_same_round
1024,sum_of_elements,1846.611454,9463.717779,392.870088,48.986868,48.892934,gpu_overlap,37.76847292494249
1024,house_robber,1337.34735,7909.962625,399.659117,41.221848,40.603641,gpu_overlap,32.936636150437835
1024,median,59.112752,684.35455,377.889714,11.853604,12.22296,gpu_repro,4.986901198993993
2048,sum_of_elements,3742.525576,19300.005314,791.594864,94.025537,94.565232,gpu_repro,39.803288504483625
2048,house_robber,2668.222714,16010.939663,750.241886,72.54776,72.361288,gpu_overlap,36.87362107208484
2048,median,116.100205,1358.792451,740.768434,27.021182,26.381399,gpu_overlap,4.400835793431577
4096,sum_of_elements,8162.754013,40361.432988,1586.747423,184.022502,182.511524,gpu_overlap,44.72459510556714
4096,house_robber,5249.227223,32305.824282,1541.254872,130.104932,132.620778,gpu_repro,40.3461048117684
4096,median,230.306819,2855.963967,1509.054459,40.722054,40.194978,gpu_overlap,5.7297411383083725
8192,sum_of_elements,17135.017145,82281.561435,3305.760802,356.280963,351.066381,gpu_overlap,48.80848202038464
8192,house_robber,10546.576223,64500.284249,3047.227779,269.041962,264.245521,gpu_overlap,39.9120340170307
8192,median,466.694828,5590.327318,3016.390838,88.3726,85.497469,gpu_overlap,5.4585806276908615
