task,population,mode,rep,generation_ms,eval_ms,repro_ms,initial_admission_ms,genotype_device_bytes
sum_of_elements,1024,asgp_1t,-1,1870.89894,1870.215922,0.6830179999999473,,
sum_of_elements,1024,asgp_1t,0,1890.075315,1889.484613,0.5907019999999648,,
sum_of_elements,1024,asgp_1t,1,1838.950813,1838.412342,0.5384709999998449,,
sum_of_elements,1024,asgp_1t,2,1846.611454,1845.957412,0.6540420000001177,,
sum_of_elements,1024,gagp_cpu,-1,9481.178453,9159.94319,320.229942,14.5955,0
sum_of_elements,1024,gagp_cpu,0,9465.922993,9149.340049,315.703263,14.569123,0
sum_of_elements,1024,gagp_cpu,1,9453.711386,9135.089368,317.704886,14.372342,0
sum_of_elements,1024,gagp_cpu,2,9463.717779,9140.800906,321.993173,14.492054,0
sum_of_elements,1024,gpu_eval,-1,399.308266,77.442588,320.928438,15.498293,0
sum_of_elements,1024,gpu_eval,0,392.877418,71.595064,320.30879,15.011939,0
sum_of_elements,1024,gpu_eval,1,392.870088,72.598491,318.961664,15.008914,0
sum_of_elements,1024,gpu_eval,2,391.209526,70.660375,319.650555,14.647761,0
sum_of_elements,1024,gpu_repro,-1,59.13098,49.544624,9.421581,369.65106099999997,882121812
sum_of_elements,1024,gpu_repro,0,49.43614,43.600694,5.687352,366.581607,882121812
sum_of_elements,1024,gpu_repro,1,48.893488,43.012884,5.689815,363.974255,882121812
sum_of_elements,1024,gpu_repro,2,48.986868,43.101013,5.693418,370.158449,882121812
sum_of_elements,1024,gpu_overlap,-1,58.440157,48.834053,9.441117,379.625029,882121812
sum_of_elements,1024,gpu_overlap,0,48.769788,42.919055,5.703955,372.951492,882121812
sum_of_elements,1024,gpu_overlap,1,48.892934,43.017827,5.730287,370.89376200000004,882121812
sum_of_elements,1024,gpu_overlap,2,49.017783,43.195076,5.625111,372.806232,882121812
house_robber,1024,asgp_1t,-1,1341.455849,1340.786996,0.6688529999998991,,
house_robber,1024,asgp_1t,0,1337.34735,1336.757679,0.589670999999953,,
house_robber,1024,asgp_1t,1,1332.913037,1332.409303,0.5037340000001223,,
house_robber,1024,asgp_1t,2,1342.292087,1341.729937,0.5621499999999742,,
house_robber,1024,gagp_cpu,-1,7842.90429,7520.144885,321.879431,15.729958,0
house_robber,1024,gagp_cpu,0,7810.368491,7490.767095,318.733106,15.485861,0
house_robber,1024,gagp_cpu,1,7909.962625,7579.819949,329.173459,16.173521,0
house_robber,1024,gagp_cpu,2,8008.575022,7687.633995,320.05258,16.052728,0
house_robber,1024,gpu_eval,-1,411.524299,71.440885,339.045203,16.861837,0
house_robber,1024,gpu_eval,0,400.805094,67.793385,331.988265,16.654642,0
house_robber,1024,gpu_eval,1,398.309582,66.161413,331.214738,16.519643,0
house_robber,1024,gpu_eval,2,399.659117,68.076471,330.556383,17.497091,0
house_robber,1024,gpu_repro,-1,49.091415,38.345637,10.595381,336.9875,609930064
house_robber,1024,gpu_repro,0,41.588022,34.154296,7.30478,332.020165,609930064
house_robber,1024,gpu_repro,1,41.221848,33.762505,7.298745,331.763036,609930064
house_robber,1024,gpu_repro,2,40.623292,33.22567,7.263244,331.1897,609930064
house_robber,1024,gpu_overlap,-1,49.205133,38.487738,10.570271,346.454186,609930064
house_robber,1024,gpu_overlap,0,40.603641,33.399146,7.075941,332.57978299999996,609930064
house_robber,1024,gpu_overlap,1,40.728997,33.523994,7.073959,338.83371700000004,609930064
house_robber,1024,gpu_overlap,2,40.029718,32.898494,7.005012,339.199376,609930064
median,1024,asgp_1t,-1,60.042188,59.316858,0.7253299999999996,,
median,1024,asgp_1t,0,58.944734,58.378389,0.5663449999999983,,
median,1024,asgp_1t,1,59.112752,58.519212,0.5935399999999973,,
median,1024,asgp_1t,2,60.846756,60.269674,0.5770819999999972,,
median,1024,gagp_cpu,-1,684.978735,347.078191,337.093434,14.62424,0
median,1024,gagp_cpu,0,684.35455,346.84352,336.59447,14.537835,0
median,1024,gagp_cpu,1,685.763443,347.559291,337.326184,14.28209,0
median,1024,gagp_cpu,2,680.702276,346.125483,333.723162,14.527181,0
median,1024,gpu_eval,-1,377.656779,37.994756,338.825914,15.33808,0
median,1024,gpu_eval,0,373.630939,33.065139,339.723704,14.648638,0
median,1024,gpu_eval,1,378.807456,32.989612,344.850735,16.245919,0
median,1024,gpu_eval,2,377.889714,33.106691,343.82865,14.842103,0
median,1024,gpu_repro,-1,19.605979,9.751194,9.686878,375.444532,882294996
median,1024,gpu_repro,0,12.178561,5.388353,6.592239,371.198886,882294996
median,1024,gpu_repro,1,11.853604,5.201004,6.503325,368.380811,882294996
median,1024,gpu_repro,2,11.853291,5.233314,6.474355,368.592023,882294996
median,1024,gpu_overlap,-1,19.835244,9.993894,9.668634,371.584861,882294996
median,1024,gpu_overlap,0,12.320731,5.662087,6.50412,366.25152599999996,882294996
median,1024,gpu_overlap,1,11.991319,5.335282,6.506599,367.149306,882294996
median,1024,gpu_overlap,2,12.22296,5.441379,6.613738,368.019088,882294996
sum_of_elements,2048,asgp_1t,-1,3826.310343,3824.89937,1.4109730000000127,,
sum_of_elements,2048,asgp_1t,0,3746.024433,3744.779594,1.2448389999999563,,
sum_of_elements,2048,asgp_1t,1,3742.525576,3741.464963,1.060613000000103,,
sum_of_elements,2048,asgp_1t,2,3738.528224,3737.403558,1.1246660000001611,,
sum_of_elements,2048,gagp_cpu,-1,19872.256858,19219.993171,650.64087,30.254535,0
sum_of_elements,2048,gagp_cpu,0,19259.899999,18630.238252,627.994291,29.949209,0
sum_of_elements,2048,gagp_cpu,1,19407.841726,18757.611375,648.52245,29.219739,0
sum_of_elements,2048,gagp_cpu,2,19300.005314,18653.634024,644.618144,29.643529,0
sum_of_elements,2048,gpu_eval,-1,812.511198,149.283217,661.462299,29.822461,0
sum_of_elements,2048,gpu_eval,0,792.721611,140.212363,650.834638,30.335092,0
sum_of_elements,2048,gpu_eval,1,791.594864,139.880947,650.004815,30.405567,0
sum_of_elements,2048,gpu_eval,2,773.55089,140.198285,631.679362,29.368885,0
sum_of_elements,2048,gpu_repro,-1,103.395953,87.237571,15.945844,728.962223,1764344484
sum_of_elements,2048,gpu_repro,0,93.684529,81.49538,12.018276,715.9722899999999,1764344484
sum_of_elements,2048,gpu_repro,1,94.025537,81.864431,11.99387,714.894324,1764344484
sum_of_elements,2048,gpu_repro,2,94.896576,82.687622,12.040508,717.606892,1764344484
sum_of_elements,2048,gpu_overlap,-1,105.431612,89.149899,16.092128,729.985815,1764344484
sum_of_elements,2048,gpu_overlap,0,112.502684,82.188064,30.14123,723.7166769999999,1764344484
sum_of_elements,2048,gpu_overlap,1,94.565232,82.483011,11.913293,725.959747,1764344484
sum_of_elements,2048,gpu_overlap,2,92.629997,80.459091,11.978028,722.7018780000001,1764344484
house_robber,2048,asgp_1t,-1,2602.071538,2600.614706,1.456832000000304,,
house_robber,2048,asgp_1t,0,2633.329133,2631.913887,1.4152460000000247,,
house_robber,2048,asgp_1t,1,2668.222714,2666.706138,1.5165759999999864,,
house_robber,2048,asgp_1t,2,2670.363273,2669.12415,1.2391229999998359,,
house_robber,2048,gagp_cpu,-1,16068.916844,15444.542166,622.792795,32.866463,0
house_robber,2048,gagp_cpu,0,16050.952227,15417.023147,632.295206,31.159377,0
house_robber,2048,gagp_cpu,1,16010.849325,15387.268946,621.829567,31.298747,0
house_robber,2048,gagp_cpu,2,16010.939663,15386.365249,622.947437,31.422432,0
house_robber,2048,gpu_eval,-1,765.990786,129.92899,634.362723,31.011372,0
house_robber,2048,gpu_eval,0,739.23375,119.968526,617.551571,32.520105,0
house_robber,2048,gpu_eval,1,750.241886,122.24425,626.288292,31.4452,0
house_robber,2048,gpu_eval,2,754.007694,122.91384,629.290866,32.846447,0
house_robber,2048,gpu_repro,-1,82.920029,65.258714,17.423398,683.922288,1220168336
house_robber,2048,gpu_repro,0,73.885578,61.44104,12.287519,673.079996,1220168336
house_robber,2048,gpu_repro,1,72.54776,60.325083,12.069982,667.1437070000001,1220168336
house_robber,2048,gpu_repro,2,68.386029,56.454534,11.782913,647.198533,1220168336
house_robber,2048,gpu_overlap,-1,81.619558,65.245751,16.171131,658.06224,1220168336
house_robber,2048,gpu_overlap,0,69.462668,57.516461,11.79436,649.790335,1220168336
house_robber,2048,gpu_overlap,1,74.205063,62.731763,11.316578,671.7637129999999,1220168336
house_robber,2048,gpu_overlap,2,72.361288,60.002203,12.207593,667.5228850000001,1220168336
median,2048,asgp_1t,-1,116.502533,115.002857,1.4996759999999938,,
median,2048,asgp_1t,0,116.723176,115.535516,1.187659999999994,,
median,2048,asgp_1t,1,116.100205,114.958236,1.1419690000000031,,
median,2048,asgp_1t,2,116.010844,114.991562,1.019282000000004,,
median,2048,gagp_cpu,-1,1377.977967,707.281,669.061481,34.30804,0
median,2048,gagp_cpu,0,1356.604711,694.458223,660.588231,29.242978,0
median,2048,gagp_cpu,1,1397.508128,706.797452,689.13986,29.053125,0
median,2048,gagp_cpu,2,1358.792451,692.859885,664.330395,28.949198,0
median,2048,gpu_eval,-1,787.354463,84.086514,701.669686,29.184386,0
median,2048,gpu_eval,0,765.643591,70.27111,693.734417,30.077676,0
median,2048,gpu_eval,1,740.768434,69.949441,669.179325,30.441095,0
median,2048,gpu_eval,2,740.168231,68.754344,669.80033,29.178342,0
median,2048,gpu_repro,-1,35.005855,17.130031,17.590169,757.8261480000001,1764672244
median,2048,gpu_repro,0,26.955964,12.94501,13.725771,730.888778,1764672244
median,2048,gpu_repro,1,27.021182,12.998656,13.709643,727.761436,1764672244
median,2048,gpu_repro,2,27.19912,13.204671,13.723749,742.1741579999999,1764672244
median,2048,gpu_overlap,-1,33.018769,15.420373,17.267551,735.686977,1764672244
median,2048,gpu_overlap,0,24.331572,11.536521,12.461403,730.800098,1764672244
median,2048,gpu_overlap,1,31.035176,17.818303,12.85858,766.892302,1764672244
median,2048,gpu_overlap,2,26.381399,12.273214,13.781934,730.902203,1764672244
sum_of_elements,4096,asgp_1t,-1,8060.58232,8057.791001,2.79131900000084,,
sum_of_elements,4096,asgp_1t,0,7978.380641,7976.005758,2.3748829999994996,,
sum_of_elements,4096,asgp_1t,1,8162.754013,8160.041571,2.71244200000001,,
sum_of_elements,4096,asgp_1t,2,8222.93666,8220.738316,2.198343999998542,,
sum_of_elements,4096,gagp_cpu,-1,40303.246985,38974.184415,1326.045752,59.808724,0
sum_of_elements,4096,gagp_cpu,0,40264.656772,38943.293271,1318.246918,59.747533,0
sum_of_elements,4096,gagp_cpu,1,40361.432988,39036.698579,1321.67013,59.53479,0
sum_of_elements,4096,gagp_cpu,2,40561.698876,39238.828391,1319.642942,59.261893,0
sum_of_elements,4096,gpu_eval,-1,1650.234124,309.668651,1337.407011,61.244946,0
sum_of_elements,4096,gpu_eval,0,1584.713011,279.092126,1302.335096,58.033629,0
sum_of_elements,4096,gpu_eval,1,1593.269753,277.603227,1312.353438,59.068175,0
sum_of_elements,4096,gpu_eval,2,1586.747423,282.789324,1300.707351,58.457456,0
sum_of_elements,4096,gpu_repro,-1,187.449977,168.051308,19.207616,1469.523333,3528546356
sum_of_elements,4096,gpu_repro,0,186.121954,168.992751,16.92424,1433.334463,3528546356
sum_of_elements,4096,gpu_repro,1,182.615696,165.463845,16.96355,1438.135387,3528546356
sum_of_elements,4096,gpu_repro,2,184.022502,167.081648,16.754426,1469.3618820000002,3528546356
sum_of_elements,4096,gpu_overlap,-1,194.883669,175.447882,19.222712,1499.063549,3528546356
sum_of_elements,4096,gpu_overlap,0,189.101244,172.53532,16.378433,1463.007106,3528546356
sum_of_elements,4096,gpu_overlap,1,182.102913,164.946532,16.970926,1466.3937689999998,3528546356
sum_of_elements,4096,gpu_overlap,2,182.511524,165.359766,16.900138,1480.785484,3528546356
house_robber,4096,asgp_1t,-1,5268.377127,5265.357883,3.0192440000000715,,
house_robber,4096,asgp_1t,0,5247.72578,5244.364531,3.3612489999995887,,
house_robber,4096,asgp_1t,1,5249.227223,5246.32014,2.907083000000057,,
house_robber,4096,asgp_1t,2,5423.933148,5420.958406,2.974742000000333,,
house_robber,4096,gagp_cpu,-1,32245.948011,30942.798541,1300.170511,63.538736,0
house_robber,4096,gagp_cpu,0,32305.824282,30998.407788,1304.370168,63.717854,0
house_robber,4096,gagp_cpu,1,32332.52991,31026.403841,1302.95364,61.942568,0
house_robber,4096,gagp_cpu,2,32093.267919,30790.257194,1299.827703,63.65508,0
house_robber,4096,gpu_eval,-1,1589.924693,280.248036,1306.352271,63.965494,0
house_robber,4096,gpu_eval,0,1545.322949,246.433718,1295.572574,64.098824,0
house_robber,4096,gpu_eval,1,1541.254872,244.651401,1293.22339,63.86546,0
house_robber,4096,gpu_eval,2,1521.953261,241.218737,1277.338668,62.727273,0
house_robber,4096,gpu_repro,-1,147.447756,125.560106,21.705965,1359.878105,2439701488
house_robber,4096,gpu_repro,0,129.803718,113.553756,16.079426,1316.1036869999998,2439701488
house_robber,4096,gpu_repro,1,130.104932,114.080514,15.853665,1320.437178,2439701488
house_robber,4096,gpu_repro,2,130.799555,113.877113,16.752263,1329.669892,2439701488
house_robber,4096,gpu_overlap,-1,149.726825,127.331122,22.185847,1391.48506,2439701488
house_robber,4096,gpu_overlap,0,130.20758,114.038059,16.000818,1359.764395,2439701488
house_robber,4096,gpu_overlap,1,133.453741,117.287624,15.961683,1362.710485,2439701488
house_robber,4096,gpu_overlap,2,132.620778,115.745395,16.706088,1350.862298,2439701488
median,4096,asgp_1t,-1,231.732662,228.503185,3.229477000000003,,
median,4096,asgp_1t,0,233.168367,230.654567,2.5138000000000034,,
median,4096,asgp_1t,1,230.164544,227.979406,2.185137999999995,,
median,4096,asgp_1t,2,230.306819,228.214092,2.0927269999999965,,
median,4096,gagp_cpu,-1,2796.130607,1401.557268,1389.563025,58.870363,0
median,4096,gagp_cpu,0,2808.900274,1405.960025,1399.785408,58.144485,0
median,4096,gagp_cpu,1,2900.033232,1462.619652,1434.23075,63.909141,0
median,4096,gagp_cpu,2,2855.963967,1452.233375,1400.632061,60.626889,0
median,4096,gpu_eval,-1,1592.495567,147.067898,1442.341472,59.628791,0
median,4096,gpu_eval,0,1509.054459,138.808822,1367.129485,57.458946,0
median,4096,gpu_eval,1,1504.229609,139.178132,1361.903492,58.321609,0
median,4096,gpu_eval,2,1546.820818,139.301603,1404.268922,56.921216,0
median,4096,gpu_repro,-1,48.841328,30.464573,18.020677,1497.654037,3528935540
median,4096,gpu_repro,0,41.305642,27.095881,13.916525,1455.2203180000001,3528935540
median,4096,gpu_repro,1,40.722054,26.257619,14.073636,1447.356219,3528935540
median,4096,gpu_repro,2,40.562258,26.734855,13.504557,1450.440695,3528935540
median,4096,gpu_overlap,-1,47.525028,29.476612,17.750229,1500.23031,3528935540
median,4096,gpu_overlap,0,39.752668,25.57723,13.87546,1450.57667,3528935540
median,4096,gpu_overlap,1,40.194978,26.659672,13.24155,1447.148225,3528935540
median,4096,gpu_overlap,2,43.575151,28.277255,14.987368,1451.1424260000001,3528935540
sum_of_elements,8192,asgp_1t,-1,16810.394656,16803.991079,6.403577000000951,,
sum_of_elements,8192,asgp_1t,0,17125.179841,17120.250349,4.9294919999993,,
sum_of_elements,8192,asgp_1t,1,17135.017145,17130.015969,5.001176000001578,,
sum_of_elements,8192,asgp_1t,2,17152.864503,17147.454799,5.409704000001511,,
sum_of_elements,8192,gagp_cpu,-1,82168.825974,79429.275728,2733.755312,127.827066,0
sum_of_elements,8192,gagp_cpu,0,82281.561435,79564.664663,2710.854922,117.428108,0
sum_of_elements,8192,gagp_cpu,1,82575.550544,79873.439922,2695.932087,118.592481,0
sum_of_elements,8192,gagp_cpu,2,81552.921347,78856.123828,2690.716636,117.078996,0
sum_of_elements,8192,gpu_eval,-1,3372.250539,580.405698,2785.545034,120.697941,0
sum_of_elements,8192,gpu_eval,0,3246.674597,551.08806,2688.937722,118.07505,0
sum_of_elements,8192,gpu_eval,1,3322.807833,566.216775,2750.308537,121.532365,0
sum_of_elements,8192,gpu_eval,2,3305.760802,566.233064,2732.864274,122.986925,0
sum_of_elements,8192,gpu_repro,-1,356.550127,328.807373,27.47732,3024.806756,7057436164
sum_of_elements,8192,gpu_repro,0,353.42921,328.379728,24.854603,2994.522232,7057436164
sum_of_elements,8192,gpu_repro,1,356.280963,329.711988,26.377204,2967.869602,7057436164
sum_of_elements,8192,gpu_repro,2,358.433529,332.138811,26.10234,2998.590964,7057436164
sum_of_elements,8192,gpu_overlap,-1,360.451594,331.839664,28.413793,2981.3690890000003,7057436164
sum_of_elements,8192,gpu_overlap,0,351.066381,326.364291,24.514625,2892.9159290000002,7057436164
sum_of_elements,8192,gpu_overlap,1,358.151041,331.725516,26.207481,2901.8949869999997,7057436164
sum_of_elements,8192,gpu_overlap,2,348.866078,324.1568,24.518471,2957.324245,7057436164
house_robber,8192,asgp_1t,-1,10441.270184,10434.519378,6.750806000000011,,
house_robber,8192,asgp_1t,0,10546.576223,10541.013361,5.562862000000678,,
house_robber,8192,asgp_1t,1,10487.081357,10480.637292,6.444064999999682,,
house_robber,8192,asgp_1t,2,10672.826981,10667.20806,5.618920999999318,,
house_robber,8192,gagp_cpu,-1,63900.319397,61316.868392,2577.681979,126.058033,0
house_robber,8192,gagp_cpu,0,63857.686816,61298.215714,2553.438542,123.683953,0
house_robber,8192,gagp_cpu,1,64626.870664,62015.671691,2605.109385,127.479995,0
house_robber,8192,gagp_cpu,2,64500.284249,61919.357441,2574.91443,127.959563,0
house_robber,8192,gpu_eval,-1,3083.712058,500.428095,2577.241466,129.522412,0
house_robber,8192,gpu_eval,0,3047.227779,487.049681,2553.703203,129.050065,0
house_robber,8192,gpu_eval,1,3084.81545,495.192,2583.206721,134.720309,0
house_robber,8192,gpu_eval,2,3018.947699,487.939734,2524.729401,130.540206,0
house_robber,8192,gpu_repro,-1,269.824873,238.902772,30.747371,2654.853704,4879789264
house_robber,8192,gpu_repro,0,268.98101,243.856133,24.956413,2621.943854,4879789264
house_robber,8192,gpu_repro,1,269.041962,241.959873,26.909889,2633.074182,4879789264
house_robber,8192,gpu_repro,2,271.499395,243.943183,27.389597,2638.497005,4879789264
house_robber,8192,gpu_overlap,-1,275.373394,244.455292,30.741092,2684.78025,4879789264
house_robber,8192,gpu_overlap,0,264.245521,239.103975,24.961155,2679.7324009999998,4879789264
house_robber,8192,gpu_overlap,1,265.638247,238.382208,27.090293,2686.281697,4879789264
house_robber,8192,gpu_overlap,2,263.778984,237.265414,26.343081,2687.596051,4879789264
median,8192,asgp_1t,-1,472.602688,466.212351,6.390336999999988,,
median,8192,asgp_1t,0,472.27315,467.180289,5.092860999999971,,
median,8192,asgp_1t,1,463.266773,458.622756,4.644017000000019,,
median,8192,asgp_1t,2,466.694828,462.142047,4.552780999999982,,
median,8192,gagp_cpu,-1,5633.470984,2831.040011,2796.522814,125.456206,0
median,8192,gagp_cpu,0,5581.770653,2797.611574,2778.132982,115.917747,0
median,8192,gagp_cpu,1,5590.327318,2793.348338,2790.886828,115.715227,0
median,8192,gagp_cpu,2,5685.003143,2869.431419,2809.491298,124.214667,0
median,8192,gpu_eval,-1,3047.00563,295.358236,2745.676751,122.261039,0
median,8192,gpu_eval,0,3012.38249,285.294148,2720.977944,116.481933,0
median,8192,gpu_eval,1,3019.962582,281.958465,2731.644308,121.22806,0
median,8192,gpu_eval,2,3016.390838,283.306811,2726.758584,119.657323,0
median,8192,gpu_repro,-1,92.63596,60.444086,31.890762,2991.8293900000003,7058032756
median,8192,gpu_repro,0,91.745908,59.896193,31.552282,3021.650368,7058032756
median,8192,gpu_repro,1,88.3726,56.647494,31.424652,2963.167924,7058032756
median,8192,gpu_repro,2,84.168627,54.257694,29.613013,2973.247709,7058032756
median,8192,gpu_overlap,-1,92.52038,59.400353,32.82056,2947.353056,7058032756
median,8192,gpu_overlap,0,85.497469,55.825348,29.375192,2907.853058,7058032756
median,8192,gpu_overlap,1,88.078636,56.788931,30.959173,2909.212148,7058032756
median,8192,gpu_overlap,2,85.111848,54.306476,30.509404,2949.989251,7058032756
