task,mode,process,gpu_init_ms,owner_init_ms,search4_ms,amortized4_ms,full_diagnostic_call_ms
sum_of_elements,fragments-owned0,0,121.442075,38.411318,445.61297,111.4032425,962.736576
sum_of_elements,fragments-owned0,1,116.785672,39.043742,450.429935,112.60748375,997.368985
sum_of_elements,fragments-owned0,2,128.13946,39.985246,454.681636,113.670409,971.012268
sum_of_elements,fragments-owned1,0,115.78487,44.133042,438.820553,109.70513825,966.546051
sum_of_elements,fragments-owned1,1,111.616127,43.096767,432.934687,108.23367175,972.625752
sum_of_elements,fragments-owned1,2,113.013574,43.010175,434.505365,108.62634125,953.092768
sum_of_elements,fragments-parsimony,0,120.596624,43.145565,442.345875,110.58646875,940.14877
sum_of_elements,fragments-parsimony,1,118.635099,43.085382,443.275995,110.81899875,946.857193
sum_of_elements,fragments-parsimony,2,120.593656,42.641759,443.081933,110.77048325,952.921704
house_robber,fragments-owned0,0,121.214294,43.957656,387.417224,96.854306,587.862602
house_robber,fragments-owned0,1,111.916809,43.431209,373.535179,93.38379475,575.480162
house_robber,fragments-owned0,2,120.923462,43.443982,385.768009,96.44200225,587.154998
house_robber,fragments-owned1,0,117.018606,52.355349,381.774622,95.4436555,583.742574
house_robber,fragments-owned1,1,123.821219,51.373269,387.363906,96.8409765,590.152999
house_robber,fragments-owned1,2,118.180265,50.109983,376.320986,94.0802465,580.594698
house_robber,fragments-parsimony,0,108.39523,50.009649,364.624274,91.1560685,570.727838
house_robber,fragments-parsimony,1,111.01646,50.071255,367.374298,91.8435745,575.193883
house_robber,fragments-parsimony,2,113.443317,50.26235,371.194436,92.798609,577.800716
median,fragments-owned0,0,126.88903,38.88392,283.34297,70.8357425,423.915804
median,fragments-owned0,1,121.053644,39.518117,280.499852,70.124963,421.162684
median,fragments-owned0,2,122.148562,38.688769,279.077169,69.76929225,419.489816
median,fragments-owned1,0,124.352952,43.27688,277.45949,69.3648725,420.887583
median,fragments-owned1,1,122.174614,43.291923,277.723325,69.43083125,418.038239
median,fragments-owned1,2,121.514049,42.901047,273.076604,68.269151,417.514715
median,fragments-parsimony,0,115.271326,42.685832,262.34056,65.58514,385.317018
median,fragments-parsimony,1,111.779466,42.827865,261.333464,65.333366,386.541769
median,fragments-parsimony,2,109.727487,43.411458,266.511923,66.62798075,390.192611
