task,population,mode,n,generation_ms,min_ms,max_ms,samples_ms,process_seconds,control_reused,matrix_asgp_1t_ms,matrix_speedup
sum_of_elements,1024,asgp_1t,3,1902.921316,1866.975282,1914.89788,"[1866.975282, 1902.921316, 1914.89788]",8.553038378000565,False,1902.921316,1.0
sum_of_elements,1024,gagp_cpu,3,17817.062719,17800.919461,18096.60784,"[17800.919461, 17817.062719, 18096.60784]",73.38118336200023,False,1902.921316,0.10680331242089286
sum_of_elements,1024,gpu_eval,3,623.98131,613.205135,628.924485,"[623.98131, 613.205135, 628.924485]",4.2949453000001085,False,1902.921316,3.0496447337501182
sum_of_elements,1024,gpu_repro,3,224.651008,224.402902,225.342685,"[224.402902, 225.342685, 224.651008]",2.695827466000992,False,1902.921316,8.47056655984379
sum_of_elements,1024,gpu_overlap,3,208.645322,207.323941,208.684051,"[208.645322, 208.684051, 207.323941]",2.542023860001791,False,1902.921316,9.120364155588401
sum_of_elements,1024,fragments_repeat,3,69.856758,69.066462,70.298945,"[69.856758, 70.298945, 69.066462]",5.104018989000906,False,1902.921316,27.24033251013452
sum_of_elements,2048,asgp_1t,3,3882.382234,3806.710445,3889.768442,"[3889.768442, 3882.382234, 3806.710445]",17.01856042399959,False,3882.382234,1.0
sum_of_elements,2048,gagp_cpu,3,37748.584408,37556.482686,38084.851222,"[37556.482686, 37748.584408, 38084.851222]",153.28828440899997,False,3882.382234,0.10284841921587959
sum_of_elements,2048,gpu_eval,3,1207.787265,1193.439554,1223.997932,"[1223.997932, 1193.439554, 1207.787265]",7.004098793999219,False,3882.382234,3.2144586604827303
sum_of_elements,2048,gpu_repro,3,434.242383,433.993161,434.464188,"[434.242383, 433.993161, 434.464188]",3.8486847870008205,False,3882.382234,8.940587989542237
sum_of_elements,2048,gpu_overlap,3,389.530322,383.779391,393.967762,"[393.967762, 389.530322, 383.779391]",3.699109817000135,False,3882.382234,9.966829319130643
sum_of_elements,2048,fragments_repeat,3,137.718171,137.320918,139.289159,"[139.289159, 137.718171, 137.320918]",7.10949863100177,False,3882.382234,28.190776901909334
sum_of_elements,4096,asgp_1t,3,8106.763276,8079.517277,8232.777596,"[8106.763276, 8079.517277, 8232.777596]",35.00263695800095,False,8106.763276,1.0
sum_of_elements,4096,gagp_cpu,3,77525.815118,77345.927075,78538.218321,"[78538.218321, 77525.815118, 77345.927075]",315.8395462510016,False,8106.763276,0.10456856549861371
sum_of_elements,4096,gpu_eval,3,2469.252637,2465.97326,2498.943602,"[2469.252637, 2465.97326, 2498.943602]",12.762580522001372,False,8106.763276,3.283083777871045
sum_of_elements,4096,gpu_repro,3,876.114211,874.095834,882.599315,"[876.114211, 874.095834, 882.599315]",6.3031489759996475,False,8106.763276,9.253089579207842
sum_of_elements,4096,gpu_overlap,3,797.104056,793.052132,807.452908,"[807.452908, 797.104056, 793.052132]",6.059918704999291,False,8106.763276,10.170269759610907
sum_of_elements,4096,fragments_repeat,3,271.088631,270.109694,273.918533,"[270.109694, 273.918533, 271.088631]",11.731274766001661,False,8106.763276,29.904475322685144
sum_of_elements,8192,asgp_1t,3,16966.874409,16716.583552,17169.088153,"[17169.088153, 16966.874409, 16716.583552]",72.01925832199959,False,16966.874409,1.0
sum_of_elements,8192,gagp_cpu,3,161472.382391,160945.554204,163249.717977,"[160945.554204, 161472.382391, 163249.717977]",656.6957615949996,False,16966.874409,0.1050760145962006
sum_of_elements,8192,gpu_eval,3,5116.379477,5091.607266,5153.250722,"[5091.607266, 5153.250722, 5116.379477]",24.840418465000766,False,16966.874409,3.316187645047111
sum_of_elements,8192,gpu_repro,3,1630.040117,1620.774881,1630.480493,"[1620.774881, 1630.040117, 1630.480493]",10.719932403999337,False,16966.874409,10.40886922478117
sum_of_elements,8192,gpu_overlap,3,1462.849178,1454.396552,1462.949302,"[1454.396552, 1462.949302, 1462.849178]",10.117489672000374,False,16966.874409,11.598512453756186
sum_of_elements,8192,fragments_repeat,3,539.686723,534.38472,543.551298,"[534.38472, 539.686723, 543.551298]",21.225123469999744,False,16966.874409,31.438376535714774
house_robber,1024,asgp_1t,3,1303.28418,1302.201255,1303.329062,"[1303.28418, 1302.201255, 1303.329062]",6.047800496000491,False,1303.28418,1.0
house_robber,1024,gagp_cpu,3,8190.821636,8148.303794,8303.959964,"[8303.959964, 8148.303794, 8190.821636]",34.35155182000017,False,1303.28418,0.15911519477751207
house_robber,1024,gpu_eval,3,683.255476,667.517815,689.764537,"[667.517815, 683.255476, 689.764537]",4.594460821999746,False,1303.28418,1.9074624730852505
house_robber,1024,gpu_repro,3,230.473177,228.567146,232.118825,"[230.473177, 232.118825, 228.567146]",2.6974637570001505,False,1303.28418,5.6548193458538565
house_robber,1024,gpu_overlap,3,208.791018,207.848249,219.936933,"[219.936933, 208.791018, 207.848249]",2.6448411500005022,False,1303.28418,6.242050987078382
house_robber,1024,fragments_repeat,3,62.190259,61.876314,63.129188,"[61.876314, 62.190259, 63.129188]",3.599877654998636,False,1303.28418,20.95640379950822
house_robber,2048,asgp_1t,3,2596.965095,2592.993696,2693.865689,"[2592.993696, 2596.965095, 2693.865689]",11.75868171699949,False,2596.965095,1.0
house_robber,2048,gagp_cpu,3,16576.577052,16461.421376,16594.286526,"[16594.286526, 16461.421376, 16576.577052]",68.06539364899982,False,2596.965095,0.15666473765080893
house_robber,2048,gpu_eval,3,1282.997351,1269.438973,1295.049866,"[1269.438973, 1282.997351, 1295.049866]",7.401233675000185,False,2596.965095,2.024139093487497
house_robber,2048,gpu_repro,3,449.536102,448.643249,449.585819,"[449.536102, 449.585819, 448.643249]",4.001060627999323,False,2596.965095,5.776988952491295
house_robber,2048,gpu_overlap,3,407.542758,401.771186,412.234191,"[401.771186, 412.234191, 407.542758]",3.9046057689993177,False,2596.965095,6.372251853387124
house_robber,2048,fragments_repeat,3,127.349777,125.813328,128.356193,"[125.813328, 127.349777, 128.356193]",5.5589001740008825,False,2596.965095,20.39238038869907
house_robber,4096,asgp_1t,3,5277.23211,5274.5804,5295.479657,"[5274.5804, 5277.23211, 5295.479657]",23.327915788999235,False,5277.23211,1.0
house_robber,4096,gagp_cpu,3,33055.543223,33031.651331,33067.557206,"[33055.543223, 33031.651331, 33067.557206]",134.96834238200063,False,5277.23211,0.15964741751175063
house_robber,4096,gpu_eval,3,2665.815322,2655.16501,2675.544847,"[2675.544847, 2665.815322, 2655.16501]",13.614478184999825,False,5277.23211,1.9795940350589674
house_robber,4096,gpu_repro,3,905.223344,901.984375,934.958251,"[934.958251, 901.984375, 905.223344]",6.665661031998752,False,5277.23211,5.829756982051492
house_robber,4096,gpu_overlap,3,815.30472,812.71594,823.186511,"[823.186511, 812.71594, 815.30472]",6.31479835600112,False,5277.23211,6.472711344048149
house_robber,4096,fragments_repeat,3,246.234929,245.999159,247.516944,"[246.234929, 245.999159, 247.516944]",9.429535702000067,False,5277.23211,21.43169586634884
house_robber,8192,asgp_1t,3,10598.580178,10550.928108,10617.41183,"[10550.928108, 10617.41183, 10598.580178]",46.445514806000574,False,10598.580178,1.0
house_robber,8192,gagp_cpu,3,66294.473004,66239.057571,66669.511612,"[66669.511612, 66239.057571, 66294.473004]",269.72365596099917,False,10598.580178,0.15987124865387367
house_robber,8192,gpu_eval,3,5244.084001,5228.364856,5271.907857,"[5271.907857, 5228.364856, 5244.084001]",25.54218825799944,False,10598.580178,2.0210546162073197
house_robber,8192,gpu_repro,3,1689.327454,1679.755341,1707.566611,"[1707.566611, 1679.755341, 1689.327454]",11.380410761999883,False,10598.580178,6.273845933720319
house_robber,8192,gpu_overlap,3,1501.915907,1494.373297,1518.285353,"[1494.373297, 1518.285353, 1501.915907]",10.586588893000226,False,10598.580178,7.0567067893768565
house_robber,8192,fragments_repeat,3,481.833955,475.935115,487.346253,"[487.346253, 481.833955, 475.935115]",17.608054952001112,False,10598.580178,21.99633311023089
median,1024,asgp_1t,3,62.179994,62.059337,62.307962,"[62.059337, 62.307962, 62.179994]",1.288309613999445,False,62.179994,1.0
median,1024,gagp_cpu,3,1110.919219,1101.363611,1115.339331,"[1101.363611, 1115.339331, 1110.919219]",5.946595661000174,False,62.179994,0.05597166106818429
median,1024,gpu_eval,3,631.310408,621.385513,642.660759,"[631.310408, 621.385513, 642.660759]",4.347035312999651,False,62.179994,0.09849353537032134
median,1024,gpu_repro,3,192.607634,192.209715,194.095655,"[194.095655, 192.209715, 192.607634]",2.4951533780003956,False,62.179994,0.3228324480638187
median,1024,gpu_overlap,3,177.334586,177.173277,179.736922,"[177.334586, 177.173277, 179.736922]",2.4930348340003547,False,62.179994,0.3506365870445599
median,1024,fragments_repeat,3,33.223191,31.798882,33.225688,"[33.225688, 33.223191, 31.798882]",2.943471139999019,False,62.179994,1.8715840389925218
median,2048,asgp_1t,3,128.303482,126.437126,130.25277,"[130.25277, 128.303482, 126.437126]",2.1410137110015057,False,128.303482,1.0
median,2048,gagp_cpu,3,2227.683227,2201.542988,2228.622955,"[2228.622955, 2227.683227, 2201.542988]",10.858934994001174,False,128.303482,0.05759502987001661
median,2048,gpu_eval,3,1243.321078,1240.494337,1261.69091,"[1243.321078, 1261.69091, 1240.494337]",7.203954913000416,False,128.303482,0.10319416622968247
median,2048,gpu_repro,3,376.283891,372.817167,377.011882,"[376.283891, 377.011882, 372.817167]",3.598652595001113,False,128.303482,0.3409752186282139
median,2048,gpu_overlap,3,349.051288,338.114678,351.066061,"[349.051288, 351.066061, 338.114678]",3.5479502960006357,False,128.303482,0.3675777354530203
median,2048,fragments_repeat,3,66.850917,65.01634,68.361494,"[68.361494, 66.850917, 65.01634]",4.405978548998974,False,128.303482,1.9192478990228363
median,4096,asgp_1t,3,250.592388,250.127609,265.04258,"[250.592388, 250.127609, 265.04258]",3.74380936200032,False,250.592388,1.0
median,4096,gagp_cpu,3,4387.536766,4384.269227,4423.782907,"[4387.536766, 4423.782907, 4384.269227]",20.22278563800137,False,250.592388,0.057114595583995155
median,4096,gpu_eval,3,2515.321445,2508.159459,2525.624896,"[2515.321445, 2508.159459, 2525.624896]",13.013678794999578,False,250.592388,0.09962638711570322
median,4096,gpu_repro,3,751.520286,751.466598,754.32369,"[751.466598, 751.520286, 754.32369]",5.908545147000041,False,250.592388,0.33344727037747585
median,4096,gpu_overlap,3,704.568006,697.712643,729.38435,"[704.568006, 729.38435, 697.712643]",5.705847275001361,False,250.592388,0.3556681340424078
median,4096,fragments_repeat,3,135.064345,133.634583,138.042902,"[138.042902, 133.634583, 135.064345]",7.372012567999263,False,250.592388,1.8553555936616728
median,8192,asgp_1t,3,502.871127,501.231792,503.560611,"[501.231792, 502.871127, 503.560611]",6.849384425000608,False,502.871127,1.0
median,8192,gagp_cpu,3,8890.07954,8881.122698,8908.408051,"[8881.122698, 8890.07954, 8908.408051]",39.51569474200005,False,502.871127,0.05656542494781773
median,8192,gpu_eval,3,4996.54204,4974.970157,5012.828786,"[5012.828786, 4996.54204, 4974.970157]",24.240513744000054,False,502.871127,0.10064382986758579
median,8192,gpu_repro,3,1412.97644,1412.621964,1418.340433,"[1412.97644, 1418.340433, 1412.621964]",9.969978781000464,False,502.871127,0.35589491286917707
median,8192,gpu_overlap,3,1296.766036,1258.285256,1335.89319,"[1335.89319, 1258.285256, 1296.766036]",9.568883655998434,False,502.871127,0.3877886319039898
median,8192,fragments_repeat,3,259.857603,251.369617,271.426007,"[259.857603, 271.426007, 251.369617]",13.846009594000861,False,502.871127,1.935179579871673
