task,population,generation_ms,min_ms,max_ms,samples_ms,previous_common_ms,reused_asgp_matrix_ms,ratio_vs_reused_asgp
sum_of_elements,1024,73.00921,71.643103,74.110293,"[71.643103, 74.110293, 73.00921]",69.856758,1902.921316,26.0641269231649
sum_of_elements,2048,138.462393,138.007168,138.933596,"[138.933596, 138.007168, 138.462393]",137.718171,3882.382234,28.039254196625073
sum_of_elements,4096,275.043642,274.740202,279.080742,"[274.740202, 279.080742, 275.043642]",271.088631,8106.763276,29.474461641981893
sum_of_elements,8192,534.834789,530.036357,584.392256,"[584.392256, 534.834789, 530.036357]",539.686723,16966.874409,31.72358036156096
house_robber,1024,63.085305,62.558677,63.885596,"[63.085305, 63.885596, 62.558677]",62.190259,1303.28418,20.659077102028757
house_robber,2048,124.471661,124.342948,126.0689,"[126.0689, 124.471661, 124.342948]",127.349777,2596.965095,20.86390648390239
house_robber,4096,255.088895,254.660861,258.359302,"[258.359302, 254.660861, 255.088895]",246.234929,5277.23211,20.687815947456276
house_robber,8192,497.750343,485.51831,512.654932,"[485.51831, 497.750343, 512.654932]",481.833955,10598.580178,21.292964087420028
median,1024,33.408692,31.973468,59.911219,"[59.911219, 31.973468, 33.408692]",33.223191,62.179994,1.8611921113224066
median,2048,72.27108,69.733887,73.800077,"[69.733887, 73.800077, 72.27108]",66.850917,128.303482,1.7753087680438704
median,4096,127.803405,127.393177,144.164726,"[144.164726, 127.393177, 127.803405]",135.064345,250.592388,1.9607645664839681
median,8192,255.230344,254.105248,274.494838,"[254.105248, 274.494838, 255.230344]",259.857603,502.871127,1.970263876618056
