task,input,buckets,process,rep,generation_ms,eval_ms,pack_ms,launch_wait_ms,search_total_ms
sum_of_elements,initial,0,0,0,70.903314,50.537511,9.835139,39.612738,316.263655
sum_of_elements,initial,0,0,1,70.825878,50.401658,9.530292000000001,39.846408,319.2205
sum_of_elements,initial,0,0,2,71.147521,50.876598,10.088396000000005,39.719968,318.375029
sum_of_elements,initial,0,1,0,71.147378,50.802147,10.025654999999997,39.698448,318.609145
sum_of_elements,initial,0,1,1,72.950957,51.426533,10.151340999999999,40.253966,321.826151
sum_of_elements,initial,0,1,2,73.254143,51.443952,10.645194000000005,39.699156,329.00651
sum_of_elements,initial,0,2,0,70.143778,50.729877,9.701675000000002,39.993146,320.688071
sum_of_elements,initial,0,2,1,69.633785,50.957653,9.739947999999998,40.151948,317.534625
sum_of_elements,initial,0,2,2,71.223731,51.061099,10.029801999999997,39.960843,318.468374
sum_of_elements,initial,1,0,0,71.245662,50.998584,9.812251,40.157899,318.194259
sum_of_elements,initial,1,0,1,70.902958,50.544722,10.138029000000003,39.384354,317.565271
sum_of_elements,initial,1,0,2,69.81186,51.05628,10.647609000000003,39.366184,316.842506
sum_of_elements,initial,1,1,0,71.020952,50.688464,9.597529000000002,40.00802,318.049976
sum_of_elements,initial,1,1,1,71.350455,50.767498,9.832082000000007,39.906402,318.577223
sum_of_elements,initial,1,1,2,71.535644,50.975427,9.936288000000005,39.902398,320.216357
sum_of_elements,initial,1,2,0,71.028472,50.830901,9.865609999999995,39.936174,320.547267
sum_of_elements,initial,1,2,1,70.804598,50.537015,9.652255999999998,39.810918,320.617775
sum_of_elements,initial,1,2,2,69.039942,50.403118,9.563665,39.788961,316.844549
sum_of_elements,late,0,0,0,239.469807,172.733631,23.607510000000005,147.124613,386.147954
sum_of_elements,late,0,0,1,238.003877,172.895069,23.316141000000012,147.602117,383.993872
sum_of_elements,late,0,0,2,240.513289,175.660502,22.408825000000007,151.403903,388.299202
sum_of_elements,late,0,1,0,236.955123,172.130731,21.457402999999985,148.599592,385.547219
sum_of_elements,late,0,1,1,241.824368,177.518965,23.276574000000018,152.261207,388.269384
sum_of_elements,late,0,1,2,234.659372,170.30486,22.284309999999987,146.102268,381.011539
sum_of_elements,late,0,2,0,239.315632,174.123518,20.374569999999984,151.794909,387.172693
sum_of_elements,late,0,2,1,242.512897,175.44121,21.651593000000016,151.917756,389.62286
sum_of_elements,late,0,2,2,237.400886,173.139367,22.740924999999997,148.438028,384.387116
sum_of_elements,late,1,0,0,192.344855,127.99033,22.709138,101.848313,338.601546
sum_of_elements,late,1,0,1,188.035829,126.459949,20.654987999999996,102.47278100000001,335.456587
sum_of_elements,late,1,0,2,194.283698,128.431158,21.87239000000001,103.119836,341.346459
sum_of_elements,late,1,1,0,192.724355,128.09303,20.711882000000006,102.770636,341.248933
sum_of_elements,late,1,1,1,191.850475,127.145585,21.269046999999993,101.336421,340.275238
sum_of_elements,late,1,1,2,196.843361,131.778763,24.094856,102.954713,350.345526
sum_of_elements,late,1,2,0,193.543502,128.866458,21.889104999999986,103.038814,341.283142
sum_of_elements,late,1,2,1,192.363268,126.888574,21.860448,101.569239,339.669031
sum_of_elements,late,1,2,2,203.317313,131.029554,23.068598999999992,104.464416,354.416245
house_robber,initial,0,0,0,63.501526,41.235244,8.602110000000003,31.403574,256.723623
house_robber,initial,0,0,1,62.748806,40.655592,8.446376,31.073005,253.303957
house_robber,initial,0,0,2,63.61863,41.570518,8.593862000000001,31.806965,255.366558
house_robber,initial,0,1,0,65.099478,41.578967,8.548448999999998,31.76589,260.736076
house_robber,initial,0,1,1,63.264591,41.013139,8.694426000000004,31.169963,257.040387
house_robber,initial,0,1,2,63.315285,41.122476,8.430815000000003,31.536267,256.121833
house_robber,initial,0,2,0,62.389604,40.770487,8.390872000000003,31.211542,255.666473
house_robber,initial,0,2,1,62.50208,40.925758,8.446620000000003,31.342581,254.689192
house_robber,initial,0,2,2,63.5995,41.239842,8.600797000000002,31.400232,261.009004
house_robber,initial,1,0,0,62.735403,40.620453,8.565514999999994,30.896887,254.018817
house_robber,initial,1,0,1,63.578095,41.226698,8.622816999999998,31.439914,257.846886
house_robber,initial,1,0,2,62.416051,41.793477,9.247957,31.339435,256.592716
house_robber,initial,1,1,0,63.010196,40.628064,8.818813000000002,30.585519,260.815654
house_robber,initial,1,1,1,63.851811,42.005547,9.098612,31.737181,258.730666
house_robber,initial,1,1,2,62.116651,41.077055,8.923514000000004,30.997398,256.380879
house_robber,initial,1,2,0,62.942678,40.3786,8.036893999999997,31.174051,254.456196
house_robber,initial,1,2,1,61.331427,40.299148,8.032048000000007,31.142953,256.155042
house_robber,initial,1,2,2,62.928975,40.845893,8.582489999999996,31.161549,257.607379
house_robber,late,0,0,0,161.394241,76.929132,19.74103799999999,54.760864,342.473729
house_robber,late,0,0,1,159.626684,75.201853,19.950564000000004,52.941678,342.205226
house_robber,late,0,0,2,164.666982,75.637021,20.507738000000003,52.908594,346.144
house_robber,late,0,1,0,164.229518,76.904075,20.112564000000006,54.499122,345.310682
house_robber,late,0,1,1,158.624851,74.802897,20.086817999999994,52.48918,339.063456
house_robber,late,0,1,2,160.792699,75.142203,20.440187999999992,52.36842,341.109954
house_robber,late,0,2,0,165.582101,77.202554,20.171233000000015,54.639893,345.802162
house_robber,late,0,2,1,161.337186,74.749509,20.239852000000006,52.202685,342.971279
house_robber,late,0,2,2,164.618007,76.03059,21.496252,52.255425,345.263944
house_robber,late,1,0,0,166.201518,76.761667,21.502555,47.407777,346.68415
house_robber,late,1,0,1,157.095861,74.303578,19.626454,46.999677,337.935481
house_robber,late,1,0,2,155.675439,72.396967,20.524235,44.126711,336.672019
house_robber,late,1,1,0,180.905726,76.406255,22.970093,45.538652,423.484107
house_robber,late,1,1,1,270.577422,75.380663,22.640967000000003,44.017915,512.258585
house_robber,late,1,1,2,158.545545,76.228996,19.951049999999988,47.293583,340.848912
house_robber,late,1,2,0,166.367632,77.12811,21.150520000000004,47.007132,347.609668
house_robber,late,1,2,1,157.564765,75.383627,19.856394000000005,46.698719999999994,337.997937
house_robber,late,1,2,2,163.57493,73.670767,19.882534000000003,44.890992,344.266955
median,initial,0,0,0,34.945441,13.902379,10.607071999999999,2.151589,154.12278
median,initial,0,0,1,34.639682,13.321982,10.114804,2.13864,156.397143
median,initial,0,0,2,33.442616,13.213552,9.981255999999998,2.181415,152.145652
median,initial,0,1,0,31.885148,13.01059,9.871355000000001,2.115859,150.119763
median,initial,0,1,1,33.811629,13.078014,9.856183,2.147113,152.043027
median,initial,0,1,2,34.073333,13.340483,10.161498000000002,2.136195,153.683164
median,initial,0,2,0,36.240509,13.604918,10.396752,2.137859,159.674364
median,initial,0,2,1,32.210305,13.21385,9.995082,2.151609,147.973509
median,initial,0,2,2,33.464864,13.297586,10.103145,2.132118,151.877803
median,initial,1,0,0,30.799541,12.309646,9.167252000000001,2.121897,147.576709
median,initial,1,0,1,31.811434,12.807914,9.628099,2.157892,150.855068
median,initial,1,0,2,34.163455,13.222619,10.057113,2.126509,151.661415
median,initial,1,1,0,33.461377,12.784751,9.656044,2.098302,152.939319
median,initial,1,1,1,33.306788,13.066953,9.898559,2.137693,153.977265
median,initial,1,1,2,33.514429,13.190572,10.026274,2.136584,152.341613
median,initial,1,2,0,33.891105,13.342346,10.041502999999999,2.143941,151.895241
median,initial,1,2,1,31.495377,12.80033,9.692797,2.083895,147.231751
median,initial,1,2,2,31.68726,12.812279,9.650579,2.129943,148.396998
median,late,0,0,0,80.948839,25.380048,16.225820999999996,7.555023,201.078555
median,late,0,0,1,79.505186,24.734603,15.698122,7.486262,198.431591
median,late,0,0,2,75.205894,24.142222,15.348750999999998,7.284895,194.702953
median,late,0,1,0,74.468076,25.105036,15.862889999999997,7.723018,195.917892
median,late,0,1,1,81.463221,26.590948,17.614681,7.456336,219.369559
median,late,0,1,2,129.642345,26.041996,17.012676000000003,7.494454,267.321981
median,late,0,2,0,81.792972,26.299266,17.142672,7.602243,201.922802
median,late,0,2,1,86.724753,27.037476,18.005706000000004,7.401812,244.531879
median,late,0,2,2,158.824189,76.587962,65.688817,7.493439,341.719793
median,late,1,0,0,79.490092,28.400368,16.745663,7.0755490000000005,199.102583
median,late,1,0,1,77.074522,27.791368,15.975730999999996,7.289781,196.378651
median,late,1,0,2,82.734291,28.553711,16.724569,7.318478000000001,202.063155
median,late,1,1,0,81.716172,27.276798,15.69704,7.296139,202.671457
median,late,1,1,1,82.10396,27.377305,15.719327,7.10041,202.680838
median,late,1,1,2,77.799842,27.201254,15.545719999999998,7.041697,197.47949
median,late,1,2,0,79.716108,29.33351,17.680568,7.2993950000000005,198.992363
median,late,1,2,1,78.750507,27.653061,16.017615,7.398,198.959331
median,late,1,2,2,88.825763,29.122103,17.483933999999998,7.0046859999999995,236.987778
