task,mode,process,rep,generation,generation_ms,search_total_ms
sum_of_elements,baseline,0,0,0,247.843163,272.856481
sum_of_elements,baseline,0,1,0,253.394404,278.3097
sum_of_elements,baseline,0,2,0,251.282346,275.916869
sum_of_elements,baseline,1,0,0,249.834963,274.923563
sum_of_elements,baseline,1,1,0,253.138886,278.020778
sum_of_elements,baseline,1,2,0,250.678592,276.268316
sum_of_elements,baseline,2,0,0,248.469641,273.656102
sum_of_elements,baseline,2,1,0,251.751827,277.648534
sum_of_elements,baseline,2,2,0,250.428594,276.441722
sum_of_elements,native,0,0,0,209.236084,235.053474
sum_of_elements,native,0,1,0,203.646974,230.186324
sum_of_elements,native,0,2,0,204.257481,230.111315
sum_of_elements,native,1,0,0,207.642613,233.642368
sum_of_elements,native,1,1,0,207.626063,234.130363
sum_of_elements,native,1,2,0,206.074209,232.728995
sum_of_elements,native,2,0,0,205.448224,231.254852
sum_of_elements,native,2,1,0,203.471909,229.090655
sum_of_elements,native,2,2,0,205.148713,231.498343
sum_of_elements,fragments-owned0,0,0,0,72.84427,319.088636
sum_of_elements,fragments-owned0,0,0,1,67.780663,319.088636
sum_of_elements,fragments-owned0,0,0,2,67.538275,319.088636
sum_of_elements,fragments-owned0,0,0,3,68.470305,319.088636
sum_of_elements,fragments-owned0,0,1,0,73.63859,321.264827
sum_of_elements,fragments-owned0,0,1,1,67.462185,321.264827
sum_of_elements,fragments-owned0,0,1,2,68.879242,321.264827
sum_of_elements,fragments-owned0,0,1,3,68.120245,321.264827
sum_of_elements,fragments-owned0,0,2,0,72.362751,320.475337
sum_of_elements,fragments-owned0,0,2,1,67.814459,320.475337
sum_of_elements,fragments-owned0,0,2,2,68.508308,320.475337
sum_of_elements,fragments-owned0,0,2,3,69.584105,320.475337
sum_of_elements,fragments-owned0,1,0,0,73.281029,321.219079
sum_of_elements,fragments-owned0,1,0,1,68.387522,321.219079
sum_of_elements,fragments-owned0,1,0,2,68.437,321.219079
sum_of_elements,fragments-owned0,1,0,3,67.110726,321.219079
sum_of_elements,fragments-owned0,1,1,0,72.54895,318.934011
sum_of_elements,fragments-owned0,1,1,1,67.518629,318.934011
sum_of_elements,fragments-owned0,1,1,2,68.682984,318.934011
sum_of_elements,fragments-owned0,1,1,3,67.450655,318.934011
sum_of_elements,fragments-owned0,1,2,0,76.005031,323.538759
sum_of_elements,fragments-owned0,1,2,1,68.026144,323.538759
sum_of_elements,fragments-owned0,1,2,2,67.816566,323.538759
sum_of_elements,fragments-owned0,1,2,3,68.938245,323.538759
sum_of_elements,fragments-owned0,2,0,0,76.461955,325.973679
sum_of_elements,fragments-owned0,2,0,1,68.54421,325.973679
sum_of_elements,fragments-owned0,2,0,2,69.139,325.973679
sum_of_elements,fragments-owned0,2,0,3,68.143568,325.973679
sum_of_elements,fragments-owned0,2,1,0,73.497179,321.449981
sum_of_elements,fragments-owned0,2,1,1,68.079618,321.449981
sum_of_elements,fragments-owned0,2,1,2,68.493634,321.449981
sum_of_elements,fragments-owned0,2,1,3,68.197971,321.449981
sum_of_elements,fragments-owned0,2,2,0,75.675468,325.657833
sum_of_elements,fragments-owned0,2,2,1,68.801595,325.657833
sum_of_elements,fragments-owned0,2,2,2,69.806075,325.657833
sum_of_elements,fragments-owned0,2,2,3,68.683352,325.657833
sum_of_elements,fragments-owned1,0,0,0,71.014594,320.028525
sum_of_elements,fragments-owned1,0,0,1,67.162338,320.028525
sum_of_elements,fragments-owned1,0,0,2,68.685654,320.028525
sum_of_elements,fragments-owned1,0,0,3,67.003264,320.028525
sum_of_elements,fragments-owned1,0,1,0,77.774705,341.392154
sum_of_elements,fragments-owned1,0,1,1,75.268782,341.392154
sum_of_elements,fragments-owned1,0,1,2,70.752418,341.392154
sum_of_elements,fragments-owned1,0,1,3,70.808642,341.392154
sum_of_elements,fragments-owned1,0,2,0,73.623182,328.440125
sum_of_elements,fragments-owned1,0,2,1,71.487794,328.440125
sum_of_elements,fragments-owned1,0,2,2,68.401916,328.440125
sum_of_elements,fragments-owned1,0,2,3,68.965876,328.440125
sum_of_elements,fragments-owned1,1,0,0,69.414943,321.24085
sum_of_elements,fragments-owned1,1,0,1,67.764497,321.24085
sum_of_elements,fragments-owned1,1,0,2,67.771744,321.24085
sum_of_elements,fragments-owned1,1,0,3,67.928242,321.24085
sum_of_elements,fragments-owned1,1,1,0,69.934335,320.586564
sum_of_elements,fragments-owned1,1,1,1,66.792323,320.586564
sum_of_elements,fragments-owned1,1,1,2,66.996088,320.586564
sum_of_elements,fragments-owned1,1,1,3,69.112724,320.586564
sum_of_elements,fragments-owned1,1,2,0,71.089246,323.38519
sum_of_elements,fragments-owned1,1,2,1,66.922966,323.38519
sum_of_elements,fragments-owned1,1,2,2,68.135695,323.38519
sum_of_elements,fragments-owned1,1,2,3,68.937616,323.38519
sum_of_elements,fragments-owned1,2,0,0,72.348557,323.765133
sum_of_elements,fragments-owned1,2,0,1,68.444052,323.765133
sum_of_elements,fragments-owned1,2,0,2,68.930856,323.765133
sum_of_elements,fragments-owned1,2,0,3,67.213357,323.765133
sum_of_elements,fragments-owned1,2,1,0,70.259246,317.969028
sum_of_elements,fragments-owned1,2,1,1,67.013411,317.969028
sum_of_elements,fragments-owned1,2,1,2,67.169017,317.969028
sum_of_elements,fragments-owned1,2,1,3,67.14479,317.969028
sum_of_elements,fragments-owned1,2,2,0,72.114182,320.849348
sum_of_elements,fragments-owned1,2,2,1,67.576677,320.849348
sum_of_elements,fragments-owned1,2,2,2,67.644526,320.849348
sum_of_elements,fragments-owned1,2,2,3,67.747303,320.849348
sum_of_elements,fragments-parsimony,0,0,0,71.103674,319.006076
sum_of_elements,fragments-parsimony,0,0,1,66.278406,319.006076
sum_of_elements,fragments-parsimony,0,0,2,67.772116,319.006076
sum_of_elements,fragments-parsimony,0,0,3,67.678882,319.006076
sum_of_elements,fragments-parsimony,0,1,0,71.257765,318.000021
sum_of_elements,fragments-parsimony,0,1,1,65.90576,318.000021
sum_of_elements,fragments-parsimony,0,1,2,66.904829,318.000021
sum_of_elements,fragments-parsimony,0,1,3,67.502808,318.000021
sum_of_elements,fragments-parsimony,0,2,0,68.650295,313.03516
sum_of_elements,fragments-parsimony,0,2,1,64.523435,313.03516
sum_of_elements,fragments-parsimony,0,2,2,66.939308,313.03516
sum_of_elements,fragments-parsimony,0,2,3,66.427488,313.03516
sum_of_elements,fragments-parsimony,1,0,0,69.504213,313.653633
sum_of_elements,fragments-parsimony,1,0,1,65.498352,313.653633
sum_of_elements,fragments-parsimony,1,0,2,66.871998,313.653633
sum_of_elements,fragments-parsimony,1,0,3,66.762982,313.653633
sum_of_elements,fragments-parsimony,1,1,0,71.17736,318.012982
sum_of_elements,fragments-parsimony,1,1,1,65.092817,318.012982
sum_of_elements,fragments-parsimony,1,1,2,67.710819,318.012982
sum_of_elements,fragments-parsimony,1,1,3,67.121441,318.012982
sum_of_elements,fragments-parsimony,1,2,0,70.543058,320.909325
sum_of_elements,fragments-parsimony,1,2,1,67.183698,320.909325
sum_of_elements,fragments-parsimony,1,2,2,68.094785,320.909325
sum_of_elements,fragments-parsimony,1,2,3,67.757632,320.909325
sum_of_elements,fragments-parsimony,2,0,0,69.999065,315.524829
sum_of_elements,fragments-parsimony,2,0,1,65.958295,315.524829
sum_of_elements,fragments-parsimony,2,0,2,66.984051,315.524829
sum_of_elements,fragments-parsimony,2,0,3,66.470368,315.524829
sum_of_elements,fragments-parsimony,2,1,0,74.6433,320.794841
sum_of_elements,fragments-parsimony,2,1,1,66.342979,320.794841
sum_of_elements,fragments-parsimony,2,1,2,67.563572,320.794841
sum_of_elements,fragments-parsimony,2,1,3,66.091495,320.794841
sum_of_elements,fragments-parsimony,2,2,0,70.827671,316.337128
sum_of_elements,fragments-parsimony,2,2,1,66.051549,316.337128
sum_of_elements,fragments-parsimony,2,2,2,66.743488,316.337128
sum_of_elements,fragments-parsimony,2,2,3,66.431788,316.337128
house_robber,baseline,0,0,0,216.087754,242.974519
house_robber,baseline,0,1,0,218.811853,245.403006
house_robber,baseline,0,2,0,215.69187,242.63909
house_robber,baseline,1,0,0,221.055478,247.877361
house_robber,baseline,1,1,0,217.714776,244.357297
house_robber,baseline,1,2,0,216.839647,243.915931
house_robber,baseline,2,0,0,210.99504,237.907407
house_robber,baseline,2,1,0,216.031058,242.800191
house_robber,baseline,2,2,0,216.20973,243.162174
house_robber,native,0,0,0,207.502935,235.371845
house_robber,native,0,1,0,210.363054,238.295695
house_robber,native,0,2,0,206.754654,234.544289
house_robber,native,1,0,0,206.181954,234.188582
house_robber,native,1,1,0,204.827429,232.789158
house_robber,native,1,2,0,208.946194,236.759464
house_robber,native,2,0,0,213.347518,241.297241
house_robber,native,2,1,0,211.712442,239.664931
house_robber,native,2,2,0,205.360635,233.709777
house_robber,fragments-owned0,0,0,0,67.317067,260.653286
house_robber,fragments-owned0,0,0,1,54.802732,260.653286
house_robber,fragments-owned0,0,0,2,49.309263,260.653286
house_robber,fragments-owned0,0,0,3,42.202293,260.653286
house_robber,fragments-owned0,0,1,0,67.970454,261.980812
house_robber,fragments-owned0,0,1,1,55.571839,261.980812
house_robber,fragments-owned0,0,1,2,49.34414,261.980812
house_robber,fragments-owned0,0,1,3,42.301315,261.980812
house_robber,fragments-owned0,0,2,0,67.753633,261.348349
house_robber,fragments-owned0,0,2,1,56.570439,261.348349
house_robber,fragments-owned0,0,2,2,49.844516,261.348349
house_robber,fragments-owned0,0,2,3,41.257772,261.348349
house_robber,fragments-owned0,1,0,0,66.955932,260.414654
house_robber,fragments-owned0,1,0,1,55.957344,260.414654
house_robber,fragments-owned0,1,0,2,49.393871,260.414654
house_robber,fragments-owned0,1,0,3,41.409435,260.414654
house_robber,fragments-owned0,1,1,0,66.516526,260.55359
house_robber,fragments-owned0,1,1,1,56.165712,260.55359
house_robber,fragments-owned0,1,1,2,49.112077,260.55359
house_robber,fragments-owned0,1,1,3,41.845302,260.55359
house_robber,fragments-owned0,1,2,0,66.344207,260.994552
house_robber,fragments-owned0,1,2,1,55.965343,260.994552
house_robber,fragments-owned0,1,2,2,49.870773,260.994552
house_robber,fragments-owned0,1,2,3,42.006443,260.994552
house_robber,fragments-owned0,2,0,0,67.389181,260.45993
house_robber,fragments-owned0,2,0,1,55.33671,260.45993
house_robber,fragments-owned0,2,0,2,49.079569,260.45993
house_robber,fragments-owned0,2,0,3,41.723934,260.45993
house_robber,fragments-owned0,2,1,0,66.212933,260.310907
house_robber,fragments-owned0,2,1,1,56.07345,260.310907
house_robber,fragments-owned0,2,1,2,49.847337,260.310907
house_robber,fragments-owned0,2,1,3,41.730837,260.310907
house_robber,fragments-owned0,2,2,0,66.910118,261.631851
house_robber,fragments-owned0,2,2,1,55.779168,261.631851
house_robber,fragments-owned0,2,2,2,50.85687,261.631851
house_robber,fragments-owned0,2,2,3,42.271145,261.631851
house_robber,fragments-owned1,0,0,0,63.350437,258.350054
house_robber,fragments-owned1,0,0,1,52.857539,258.350054
house_robber,fragments-owned1,0,0,2,48.31233,258.350054
house_robber,fragments-owned1,0,0,3,41.394628,258.350054
house_robber,fragments-owned1,0,1,0,62.190482,256.678369
house_robber,fragments-owned1,0,1,1,52.34336,256.678369
house_robber,fragments-owned1,0,1,2,47.832265,256.678369
house_robber,fragments-owned1,0,1,3,41.554863,256.678369
house_robber,fragments-owned1,0,2,0,62.448444,258.06587
house_robber,fragments-owned1,0,2,1,53.989992,258.06587
house_robber,fragments-owned1,0,2,2,48.613222,258.06587
house_robber,fragments-owned1,0,2,3,40.850762,258.06587
house_robber,fragments-owned1,1,0,0,63.736087,259.162343
house_robber,fragments-owned1,1,0,1,53.73253,259.162343
house_robber,fragments-owned1,1,0,2,47.533457,259.162343
house_robber,fragments-owned1,1,0,3,40.849162,259.162343
house_robber,fragments-owned1,1,1,0,63.907737,258.192407
house_robber,fragments-owned1,1,1,1,53.138229,258.192407
house_robber,fragments-owned1,1,1,2,47.303894,258.192407
house_robber,fragments-owned1,1,1,3,41.179711,258.192407
house_robber,fragments-owned1,1,2,0,63.672115,258.959646
house_robber,fragments-owned1,1,2,1,53.371467,258.959646
house_robber,fragments-owned1,1,2,2,48.47339,258.959646
house_robber,fragments-owned1,1,2,3,40.522723,258.959646
house_robber,fragments-owned1,2,0,0,63.662954,259.134398
house_robber,fragments-owned1,2,0,1,54.242209,259.134398
house_robber,fragments-owned1,2,0,2,47.501149,259.134398
house_robber,fragments-owned1,2,0,3,41.271748,259.134398
house_robber,fragments-owned1,2,1,0,63.521042,259.707323
house_robber,fragments-owned1,2,1,1,53.596351,259.707323
house_robber,fragments-owned1,2,1,2,48.302678,259.707323
house_robber,fragments-owned1,2,1,3,41.511413,259.707323
house_robber,fragments-owned1,2,2,0,62.619724,258.820403
house_robber,fragments-owned1,2,2,1,52.704139,258.820403
house_robber,fragments-owned1,2,2,2,48.444586,258.820403
house_robber,fragments-owned1,2,2,3,41.840684,258.820403
house_robber,fragments-parsimony,0,0,0,61.895265,251.204781
house_robber,fragments-parsimony,0,0,1,51.551047,251.204781
house_robber,fragments-parsimony,0,0,2,46.18821,251.204781
house_robber,fragments-parsimony,0,0,3,39.924249,251.204781
house_robber,fragments-parsimony,0,1,0,61.173412,252.408761
house_robber,fragments-parsimony,0,1,1,51.827142,252.408761
house_robber,fragments-parsimony,0,1,2,46.383804,252.408761
house_robber,fragments-parsimony,0,1,3,41.152845,252.408761
house_robber,fragments-parsimony,0,2,0,62.788147,255.214909
house_robber,fragments-parsimony,0,2,1,51.633342,255.214909
house_robber,fragments-parsimony,0,2,2,47.649964,255.214909
house_robber,fragments-parsimony,0,2,3,40.324021,255.214909
house_robber,fragments-parsimony,1,0,0,63.353973,255.998793
house_robber,fragments-parsimony,1,0,1,52.185342,255.998793
house_robber,fragments-parsimony,1,0,2,46.585724,255.998793
house_robber,fragments-parsimony,1,0,3,40.818649,255.998793
house_robber,fragments-parsimony,1,1,0,62.904798,254.872513
house_robber,fragments-parsimony,1,1,1,52.526047,254.872513
house_robber,fragments-parsimony,1,1,2,46.136038,254.872513
house_robber,fragments-parsimony,1,1,3,40.74698,254.872513
house_robber,fragments-parsimony,1,2,0,63.304475,254.459455
house_robber,fragments-parsimony,1,2,1,51.785417,254.459455
house_robber,fragments-parsimony,1,2,2,46.656273,254.459455
house_robber,fragments-parsimony,1,2,3,40.733229,254.459455
house_robber,fragments-parsimony,2,0,0,62.48195,254.200809
house_robber,fragments-parsimony,2,0,1,52.31953,254.200809
house_robber,fragments-parsimony,2,0,2,46.17786,254.200809
house_robber,fragments-parsimony,2,0,3,40.791895,254.200809
house_robber,fragments-parsimony,2,1,0,62.927506,257.176307
house_robber,fragments-parsimony,2,1,1,52.928607,257.176307
house_robber,fragments-parsimony,2,1,2,46.693025,257.176307
house_robber,fragments-parsimony,2,1,3,40.783894,257.176307
house_robber,fragments-parsimony,2,2,0,61.384189,254.058841
house_robber,fragments-parsimony,2,2,1,51.849992,254.058841
house_robber,fragments-parsimony,2,2,2,48.277432,254.058841
house_robber,fragments-parsimony,2,2,3,40.901874,254.058841
median,baseline,0,0,0,183.744126,210.915789
median,baseline,0,1,0,178.821222,204.115659
median,baseline,0,2,0,174.412443,199.82005
median,baseline,1,0,0,177.887655,203.338871
median,baseline,1,1,0,175.35672,200.647735
median,baseline,1,2,0,176.267121,201.650607
median,baseline,2,0,0,179.770018,204.933728
median,baseline,2,1,0,174.493115,199.619031
median,baseline,2,2,0,173.508591,198.598521
median,native,0,0,0,185.024262,211.171104
median,native,0,1,0,177.651308,203.632568
median,native,0,2,0,173.927889,200.061474
median,native,1,0,0,177.43611,203.378933
median,native,1,1,0,178.636189,204.527984
median,native,1,2,0,172.504072,198.458584
median,native,2,0,0,182.572395,208.514191
median,native,2,1,0,179.938604,205.946931
median,native,2,2,0,181.813247,207.757725
median,fragments-owned0,0,0,0,35.459436,155.500382
median,fragments-owned0,0,0,1,25.401596,155.500382
median,fragments-owned0,0,0,2,24.206317,155.500382
median,fragments-owned0,0,0,3,26.927626,155.500382
median,fragments-owned0,0,1,0,34.947193,154.489872
median,fragments-owned0,0,1,1,25.41127,154.489872
median,fragments-owned0,0,1,2,24.533877,154.489872
median,fragments-owned0,0,1,3,26.100009,154.489872
median,fragments-owned0,0,2,0,34.956278,155.923072
median,fragments-owned0,0,2,1,25.745312,155.923072
median,fragments-owned0,0,2,2,25.215402,155.923072
median,fragments-owned0,0,2,3,27.087988,155.923072
median,fragments-owned0,1,0,0,34.892639,153.779624
median,fragments-owned0,1,0,1,25.169241,153.779624
median,fragments-owned0,1,0,2,23.487377,153.779624
median,fragments-owned0,1,0,3,26.560912,153.779624
median,fragments-owned0,1,1,0,36.324453,155.819599
median,fragments-owned0,1,1,1,25.420891,155.819599
median,fragments-owned0,1,1,2,24.048571,155.819599
median,fragments-owned0,1,1,3,26.571992,155.819599
median,fragments-owned0,1,2,0,34.875431,155.699958
median,fragments-owned0,1,2,1,25.84562,155.699958
median,fragments-owned0,1,2,2,24.372944,155.699958
median,fragments-owned0,1,2,3,26.993733,155.699958
median,fragments-owned0,2,0,0,36.230135,154.639328
median,fragments-owned0,2,0,1,25.266674,154.639328
median,fragments-owned0,2,0,2,23.875728,154.639328
median,fragments-owned0,2,0,3,25.906723,154.639328
median,fragments-owned0,2,1,0,34.694271,154.819365
median,fragments-owned0,2,1,1,25.932468,154.819365
median,fragments-owned0,2,1,2,24.243617,154.819365
median,fragments-owned0,2,1,3,26.714367,154.819365
median,fragments-owned0,2,2,0,34.512884,152.719337
median,fragments-owned0,2,2,1,25.526756,152.719337
median,fragments-owned0,2,2,2,24.038136,152.719337
median,fragments-owned0,2,2,3,26.33215,152.719337
median,fragments-owned1,0,0,0,32.277792,151.123473
median,fragments-owned1,0,0,1,24.072185,151.123473
median,fragments-owned1,0,0,2,22.642337,151.123473
median,fragments-owned1,0,0,3,25.601382,151.123473
median,fragments-owned1,0,1,0,36.309758,161.395045
median,fragments-owned1,0,1,1,27.55992,161.395045
median,fragments-owned1,0,1,2,25.817364,161.395045
median,fragments-owned1,0,1,3,24.605574,161.395045
median,fragments-owned1,0,2,0,33.769451,153.941535
median,fragments-owned1,0,2,1,24.299653,153.941535
median,fragments-owned1,0,2,2,22.854506,153.941535
median,fragments-owned1,0,2,3,25.88015,153.941535
median,fragments-owned1,1,0,0,32.244435,152.322001
median,fragments-owned1,1,0,1,24.573454,152.322001
median,fragments-owned1,1,0,2,23.453477,152.322001
median,fragments-owned1,1,0,3,24.910436,152.322001
median,fragments-owned1,1,1,0,31.249592,149.418328
median,fragments-owned1,1,1,1,24.436835,149.418328
median,fragments-owned1,1,1,2,22.594585,149.418328
median,fragments-owned1,1,1,3,24.876537,149.418328
median,fragments-owned1,1,2,0,31.151214,149.678078
median,fragments-owned1,1,2,1,24.330014,149.678078
median,fragments-owned1,1,2,2,23.429024,149.678078
median,fragments-owned1,1,2,3,24.963304,149.678078
median,fragments-owned1,2,0,0,32.486167,154.164612
median,fragments-owned1,2,0,1,25.570306,154.164612
median,fragments-owned1,2,0,2,23.540449,154.164612
median,fragments-owned1,2,0,3,25.739449,154.164612
median,fragments-owned1,2,1,0,31.946524,151.447155
median,fragments-owned1,2,1,1,24.083752,151.447155
median,fragments-owned1,2,1,2,23.100816,151.447155
median,fragments-owned1,2,1,3,25.075719,151.447155
median,fragments-owned1,2,2,0,33.604354,152.839882
median,fragments-owned1,2,2,1,24.247868,152.839882
median,fragments-owned1,2,2,2,23.362012,152.839882
median,fragments-owned1,2,2,3,25.597906,152.839882
median,fragments-parsimony,0,0,0,31.493949,147.331661
median,fragments-parsimony,0,0,1,23.14407,147.331661
median,fragments-parsimony,0,0,2,22.193854,147.331661
median,fragments-parsimony,0,0,3,23.527694,147.331661
median,fragments-parsimony,0,1,0,33.41276,149.799848
median,fragments-parsimony,0,1,1,23.359914,149.799848
median,fragments-parsimony,0,1,2,22.203967,149.799848
median,fragments-parsimony,0,1,3,23.27974,149.799848
median,fragments-parsimony,0,2,0,32.084065,146.399779
median,fragments-parsimony,0,2,1,23.176954,146.399779
median,fragments-parsimony,0,2,2,21.62592,146.399779
median,fragments-parsimony,0,2,3,22.345646,146.399779
median,fragments-parsimony,1,0,0,31.034826,145.511968
median,fragments-parsimony,1,0,1,23.234372,145.511968
median,fragments-parsimony,1,0,2,22.201507,145.511968
median,fragments-parsimony,1,0,3,23.072958,145.511968
median,fragments-parsimony,1,1,0,31.533593,147.411407
median,fragments-parsimony,1,1,1,23.287121,147.411407
median,fragments-parsimony,1,1,2,22.55591,147.411407
median,fragments-parsimony,1,1,3,24.024864,147.411407
median,fragments-parsimony,1,2,0,31.681086,148.208485
median,fragments-parsimony,1,2,1,23.069156,148.208485
median,fragments-parsimony,1,2,2,22.398068,148.208485
median,fragments-parsimony,1,2,3,24.572378,148.208485
median,fragments-parsimony,2,0,0,33.407512,149.547233
median,fragments-parsimony,2,0,1,22.809605,149.547233
median,fragments-parsimony,2,0,2,22.30484,149.547233
median,fragments-parsimony,2,0,3,24.637976,149.547233
median,fragments-parsimony,2,1,0,32.99097,148.234052
median,fragments-parsimony,2,1,1,23.509653,148.234052
median,fragments-parsimony,2,1,2,22.297296,148.234052
median,fragments-parsimony,2,1,3,23.316934,148.234052
median,fragments-parsimony,2,2,0,31.622791,147.278537
median,fragments-parsimony,2,2,1,23.013098,147.278537
median,fragments-parsimony,2,2,2,22.268906,147.278537
median,fragments-parsimony,2,2,3,23.724192,147.278537
