task,population,mode,status,median_ms,min_ms,max_ms,speedup_asgp_1t,speedup_gagp_cpu,overlap_speedup
sum_of_elements,1024,asgp_1t,ok,1882.094569,1881.719777,1898.934904,1.0,9.809659940631812,
sum_of_elements,1024,gagp_cpu,ok,18462.707698,18275.468522,19043.638871,0.1019403329016513,1.0,
sum_of_elements,1024,gpu_eval,ok,1382.352375,1370.430116,1387.137145,1.3615157777697602,13.356006783726182,
sum_of_elements,1024,gpu_repro,ok,837.195032,835.195026,840.07039,2.2480957209024623,22.053054536042684,
sum_of_elements,1024,gpu_overlap,ok,807.275926,804.568692,809.72112,2.3314142146238113,22.870380626214782,1.0370618087773869
median,1024,gagp_cpu,ok,1358.477084,1351.795844,1364.571997,0.047505433665452984,1.0,
median,1024,gpu_eval,ok,936.988062,932.203204,947.821584,0.06887498957270599,1.4498339296877831,
median,1024,gpu_repro,ok,287.85754,285.181804,290.442582,0.2241909070716022,4.719268718825292,
median,1024,gpu_overlap,ok,262.598145,262.479002,268.493035,0.2457558982375904,5.173216604405184,1.096190302486714
median,1024,asgp_1t,ok,64.535043,64.465644,64.625275,1.0,21.05022358162836,
house_robber,1024,gpu_eval,ok,1480.9265,1477.97214,1481.818111,0.8834720291655258,5.807887793891188,
house_robber,1024,gpu_repro,ok,788.157298,787.634077,790.451141,1.660020332641772,10.912865953060045,
house_robber,1024,gpu_overlap,ok,763.604515,758.229664,766.067259,1.7133962860342702,11.263756007257237,1.0321537949523518
house_robber,1024,asgp_1t,ok,1308.35714,1304.576487,1321.004203,1.0,6.573935113007446,
house_robber,1024,gagp_cpu,ok,8601.054943,8558.278229,8613.232064,0.15211589144245746,1.0,
